"V1","V2"
"I_001","SU_001"
"I_002","SU_002"
"I_003","SU_003"
"I_004","SU_004"
"I_005","SU_005"
"I_006","SU_006"
"I_007","SU_007"
"I_008","SU_008"
"I_009","SU_009"
"I_010","SU_010"
"I_011","SU_011"
"I_012","SU_012"
"I_013","SU_013"
"I_014","SU_014"
"I_015","SU_015"
"I_016","SU_016"
"I_017","SU_017"
"I_018","SU_018"
"I_019","SU_019"
"I_020","SU_020"
"I_021","SU_021"
"I_022","SU_022"
"I_023","SU_023"
"I_024","SU_024"
"I_025","SU_025"
"I_026","SU_026"
"I_027","SU_027"
"I_028","SU_028"
"I_029","SU_029"
"I_030","SU_030"
"I_031","SU_031"
"I_032","SU_032"
"I_033","SU_033"
"I_034","SU_034"
"I_035","SU_035"
"I_036","SU_036"
"I_037","SU_037"
"I_038","SU_038"
"I_039","SU_039"
"I_040","SU_040"
"I_041","SU_041"
"I_042","SU_042"
"I_043","SU_043"
"I_044","SU_044"
"I_045","SU_045"
"I_046","SU_046"
"I_047","SU_047"
"I_048","SU_048"
"I_049","SU_049"
"I_050","SU_050"
"I_051","SU_051"
"I_052","SU_052"
"I_053","SU_053"
"I_054","SU_054"
"I_055","SU_055"
"I_056","SU_056"
"I_057","SU_057"
"I_058","SU_058"
"I_059","SU_059"
"I_060","SU_060"
"I_061","SU_061"
"I_062","SU_062"
"I_063","SU_063"
"I_064","SU_064"
"I_065","SU_065"
"I_066","SU_066"
"I_067","SU_067"
"I_068","SU_068"
"I_069","SU_069"
"I_070","SU_070"
"I_071","SU_071"
"I_072","SU_072"
"I_073","SU_073"
"I_074","SU_074"
"I_075","SU_075"
"I_076","SU_076"
"I_077","SU_077"
"I_078","SU_078"
"I_079","SU_079"
"I_080","SU_080"
"I_081","SU_081"
"I_082","SU_082"
"I_083","SU_083"
"I_084","SU_084"
"I_085","SU_085"
"I_086","SU_086"
"I_087","SU_087"
"I_088","SU_088"
"I_089","SU_089"
"I_090","SU_090"
"I_091","SU_091"
"I_092","SU_092"
"I_093","SU_093"
"I_094","SU_094"
"I_095","SU_095"
"I_096","SU_096"
"I_097","SU_097"
"I_098","SU_098"
"I_099","SU_099"
"I_100","SU_100"
"I_101","SU_101"
"I_102","SU_102"
"I_103","SU_103"
"I_104","SU_104"
"I_105","SU_105"
"I_106","SU_106"
"I_107","SU_107"
"I_108","SU_108"
"I_109","SU_109"
"I_110","SU_110"
"I_111","SU_111"
"I_112","SU_112"
"I_113","SU_113"
"I_114","SU_114"
"I_115","SU_115"
"I_116","SU_116"
"I_117","SU_117"
"I_118","SU_118"
"I_119","SU_119"
"I_120","SU_120"
"I_121","SU_121"
"I_122","SU_122"
"I_123","SU_123"
"I_124","SU_124"
"I_125","SU_125"
"I_126","SU_126"
"I_127","SU_127"
"I_128","SU_128"
"I_129","SU_129"
"I_130","SU_130"
"I_131","SU_131"
"I_132","SU_132"
"I_133","SU_133"
"I_134","SU_134"
"I_135","SU_135"
"I_136","SU_136"
"I_137","SU_137"
"I_138","SU_138"
"I_139","SU_139"
"I_140","SU_140"
"I_141","SU_141"
"I_142","SU_142"
"I_143","SU_143"
"I_144","SU_144"
"I_145","SU_145"
"I_146","SU_146"
"I_147","SU_147"
"I_148","SU_148"
"I_149","SU_149"
"I_150","SU_150"
"I_151","SU_151"
"I_152","SU_152"
"I_153","SU_153"
"I_154","SU_154"
"I_155","SU_155"
"I_156","SU_156"
"I_157","SU_157"
"I_158","SU_158"
"I_159","SU_159"
"I_160","SU_160"
"I_161","SU_161"
"I_162","SU_162"
"I_163","SU_163"
"I_164","SU_164"
"I_165","SU_165"
"I_166","SU_166"
"I_167","SU_167"
"I_168","SU_168"
"I_169","SU_169"
"I_170","SU_170"
"I_171","SU_171"
"I_172","SU_172"
"I_173","SU_173"
"I_174","SU_174"
"I_175","SU_175"
"I_176","SU_176"
"I_177","SU_177"
"I_178","SU_178"
"I_179","SU_179"
"I_180","SU_180"
"I_181","SU_181"
"I_182","SU_182"
"I_183","SU_183"
"I_184","SU_184"
"I_185","SU_185"
"I_186","SU_186"
"I_187","SU_187"
"I_188","SU_188"
"I_189","SU_189"
"I_190","SU_190"
"I_191","SU_191"
"I_192","SU_192"
"I_193","SU_193"
"I_194","SU_194"
"I_195","SU_195"
"I_196","SU_196"
"I_197","SU_197"
"I_198","SU_198"
"I_199","SU_199"
"I_200","SU_200"
"I_201","SU_201"
"I_202","SU_202"
"I_203","SU_203"
"I_204","SU_204"
"I_205","SU_205"
"I_206","SU_206"
"I_207","SU_207"
"I_208","SU_208"
"I_209","SU_209"
"I_210","SU_210"
"I_211","SU_211"
"I_212","SU_212"
"I_213","SU_213"
"I_214","SU_214"
"I_215","SU_215"
"I_216","SU_216"
"I_217","SU_217"
"I_218","SU_218"
"I_219","SU_219"
"I_220","SU_220"
"I_221","SU_221"
"I_222","SU_222"
"I_223","SU_223"
"I_224","SU_224"
"I_225","SU_225"
"I_226","SU_226"
"I_227","SU_227"
"I_228","SU_228"
"I_229","SU_229"
"I_230","SU_230"
"I_231","SU_231"
"I_232","SU_232"
"I_233","SU_233"
"I_234","SU_234"
"I_235","SU_235"
"I_236","SU_236"
"I_237","SU_237"
"I_238","SU_238"
"I_239","SU_239"
"I_240","SU_240"
"I_241","SU_241"
"I_242","SU_242"
"I_243","SU_243"
"I_244","SU_244"
"I_245","SU_245"
"I_246","SU_246"
"I_247","SU_247"
"I_248","SU_248"
"I_249","SU_249"
"I_250","SU_250"
"I_251","SU_251"
"I_252","SU_252"
"I_253","SU_253"
"I_254","SU_254"
"I_255","SU_255"
"I_256","SU_256"
"I_257","SU_257"
"I_258","SU_258"
"I_259","SU_259"
"I_260","SU_260"
"I_261","SU_261"
"I_262","SU_262"
"I_263","SU_263"
"I_264","SU_264"
"I_265","SU_265"
"I_266","SU_266"
"I_267","SU_267"
"I_268","SU_268"
"I_269","SU_269"
"I_270","SU_270"
"I_271","SU_271"
"I_272","SU_272"
"I_273","SU_273"
"I_274","SU_274"
"I_275","SU_275"
"I_276","SU_276"
"I_277","SU_277"
"I_278","SU_278"
"I_279","SU_279"
"I_280","SU_280"
"I_281","SU_281"
"I_282","SU_282"
"I_283","SU_283"
"I_284","SU_284"
"I_285","SU_285"
"I_286","SU_286"
"I_287","SU_287"
"I_288","SU_288"
"I_289","SU_289"
"I_290","SU_290"
"I_291","SU_291"
"I_292","SU_292"
"I_293","SU_293"
"I_294","SU_294"
"I_295","SU_295"
"I_296","SU_296"
"I_297","SU_297"
"I_298","SU_298"
"I_299","SU_299"
"I_300","SU_300"
"I_301","SU_301"
"I_302","SU_302"
"I_303","SU_303"
"I_304","SU_304"
"I_305","SU_305"
"I_306","SU_306"
"I_307","SU_307"
"I_308","SU_308"
"I_309","SU_309"
"I_310","SU_310"
"I_311","SU_311"
"I_312","SU_312"
"I_313","SU_313"
"I_314","SU_314"
"I_315","SU_315"
"I_316","SU_316"
"I_317","SU_317"
"I_318","SU_318"
"I_319","SU_319"
"I_320","SU_320"
"I_321","SU_321"
"I_322","SU_322"
"I_323","SU_323"
"I_324","SU_324"
"I_325","SU_325"
"I_326","SU_326"
"I_327","SU_327"
"I_328","SU_328"
"I_329","SU_329"
"I_330","SU_330"
"I_331","SU_331"
"I_332","SU_332"
"I_333","SU_333"
"I_334","SU_334"
"I_335","SU_335"
"I_336","SU_336"
"I_337","SU_337"
"I_338","SU_338"
"I_339","SU_339"
"I_340","SU_340"
"I_341","SU_341"
"I_342","SU_342"
"I_343","SU_343"
"I_344","SU_344"
"I_345","SU_345"
"I_346","SU_346"
"I_347","SU_347"
"I_348","SU_348"
"I_349","SU_349"
"I_350","SU_350"
"I_351","SU_351"
"I_352","SU_352"
"I_353","SU_353"
"I_354","SU_354"
"I_355","SU_355"
"I_356","SU_356"
"I_357","SU_357"
"I_358","SU_358"
"I_359","SU_359"
"I_360","SU_360"
"I_361","SU_361"
"I_362","SU_362"
"I_363","SU_363"
"I_364","SU_364"
"I_365","SU_365"
"I_366","SU_366"
"I_367","SU_367"
"I_368","SU_368"
"I_369","SU_369"
"I_370","SU_370"
"I_371","SU_371"
"I_372","SU_372"
"I_373","SU_373"
"I_374","SU_374"
"I_375","SU_375"
"I_376","SU_376"
"I_377","SU_377"
"I_378","SU_378"
"I_379","SU_379"
"I_380","SU_380"
"I_381","SU_381"
"I_382","SU_382"
"I_383","SU_383"
"I_384","SU_384"
"I_385","SU_385"
"I_386","SU_386"
"I_387","SU_387"
"I_388","SU_388"
"I_389","SU_389"
"I_390","SU_390"
"I_391","SU_391"
"I_392","SU_392"
"I_393","SU_393"
"I_394","SU_394"
"I_395","SU_395"
"I_396","SU_396"
"I_397","SU_397"
"I_398","SU_398"
"I_399","SU_399"
"I_400","SU_400"
"I_401","SU_401"
"I_402","SU_402"
"I_403","SU_403"
"I_404","SU_404"
"I_405","SU_405"
"I_406","SU_406"
"I_407","SU_407"
"I_408","SU_408"
"I_409","SU_409"
"I_410","SU_410"
"I_411","SU_411"
"I_412","SU_412"
"I_413","SU_413"
"I_414","SU_414"
"I_415","SU_415"
"I_416","SU_416"
"I_417","SU_417"
"I_418","SU_418"
"I_419","SU_419"
"I_420","SU_420"
"I_421","SU_421"
"I_422","SU_422"
"I_423","SU_423"
"I_424","SU_424"
"I_425","SU_425"
"I_426","SU_426"
"I_427","SU_427"
"I_428","SU_428"
"I_429","SU_429"
"I_430","SU_430"
"I_431","SU_431"
"I_432","SU_432"
"I_433","SU_433"
"I_434","SU_434"
"I_435","SU_435"
"I_436","SU_436"
"I_437","SU_437"
"I_438","SU_438"
"I_439","SU_439"
"I_440","SU_440"
"I_441","SU_441"
"I_442","SU_442"
"I_443","SU_443"
"I_444","SU_444"
"I_445","SU_445"
"I_446","SU_446"
"I_447","SU_447"
"I_448","SU_448"
"I_449","SU_449"
"I_450","SU_450"
"I_451","SU_451"
"I_452","SU_452"
"I_453","SU_453"
"I_454","SU_454"
"I_455","SU_455"
"I_456","SU_456"
"I_457","SU_457"
"I_458","SU_458"
"I_459","SU_459"
"I_460","SU_460"
"I_461","SU_461"
"I_462","SU_462"
"I_463","SU_463"
"I_464","SU_464"
"I_465","SU_465"
"I_466","SU_466"
"I_467","SU_467"
"I_468","SU_468"
"I_469","SU_469"
"I_470","SU_470"
"I_471","SU_471"
"I_001","SU_472"
"I_002","SU_473"
"I_003","SU_474"
"I_004","SU_475"
"I_005","SU_476"
"I_006","SU_477"
"I_007","SU_478"
"I_008","SU_479"
"I_009","SU_480"
"I_010","SU_481"
"I_011","SU_482"
"I_012","SU_483"
"I_013","SU_484"
"I_014","SU_485"
"I_015","SU_486"
"I_016","SU_487"
"I_017","SU_488"
"I_018","SU_489"
"I_019","SU_490"
"I_020","SU_491"
"I_021","SU_492"
"I_022","SU_493"
"I_023","SU_494"
"I_024","SU_495"
"I_025","SU_496"
"I_026","SU_497"
"I_027","SU_498"
"I_028","SU_499"
"I_029","SU_500"
"I_030","SU_501"
"I_031","SU_502"
"I_032","SU_503"
"I_033","SU_504"
"I_034","SU_505"
"I_035","SU_506"
"I_036","SU_507"
"I_037","SU_508"
"I_038","SU_509"
"I_039","SU_510"
"I_040","SU_511"
"I_041","SU_512"
"I_042","SU_513"
"I_043","SU_514"
"I_044","SU_515"
"I_045","SU_516"
"I_046","SU_517"
"I_047","SU_518"
"I_048","SU_519"
"I_049","SU_520"
"I_050","SU_521"
"I_051","SU_522"
"I_052","SU_523"
"I_053","SU_524"
"I_054","SU_525"
"I_055","SU_526"
"I_056","SU_527"
"I_057","SU_528"
"I_058","SU_529"
"I_059","SU_530"
"I_060","SU_531"
"I_061","SU_532"
"I_062","SU_533"
"I_063","SU_534"
"I_064","SU_535"
"I_065","SU_536"
"I_066","SU_537"
"I_067","SU_538"
"I_068","SU_539"
"I_069","SU_540"
"I_070","SU_541"
"I_071","SU_542"
"I_072","SU_543"
"I_073","SU_544"
"I_074","SU_545"
"I_075","SU_546"
"I_076","SU_547"
"I_077","SU_548"
"I_078","SU_549"
"I_079","SU_550"
"I_080","SU_551"
"I_081","SU_552"
"I_082","SU_553"
"I_083","SU_554"
"I_084","SU_555"
"I_085","SU_556"
"I_086","SU_557"
"I_087","SU_558"
"I_088","SU_559"
"I_089","SU_560"
"I_090","SU_561"
"I_091","SU_562"
"I_092","SU_563"
"I_093","SU_564"
"I_094","SU_565"
"I_095","SU_566"
"I_096","SU_567"
"I_097","SU_568"
"I_098","SU_569"
"I_099","SU_570"
"I_100","SU_571"
"I_101","SU_572"
"I_102","SU_573"
"I_103","SU_574"
"I_104","SU_575"
"I_105","SU_576"
"I_106","SU_577"
"I_107","SU_578"
"I_108","SU_579"
"I_109","SU_580"
"I_110","SU_581"
"I_111","SU_582"
"I_112","SU_583"
"I_113","SU_584"
"I_114","SU_585"
"I_115","SU_586"
"I_116","SU_587"
"I_117","SU_588"
"I_118","SU_589"
"I_119","SU_590"
"I_120","SU_591"
"I_121","SU_592"
"I_122","SU_593"
"I_123","SU_594"
"I_124","SU_595"
"I_125","SU_596"
"I_126","SU_597"
"I_127","SU_598"
"I_128","SU_599"
"I_129","SU_600"
"I_130","SU_601"
"I_131","SU_602"
"I_132","SU_603"
"I_133","SU_604"
"I_134","SU_605"
"I_135","SU_606"
"I_136","SU_607"
"I_137","SU_608"
"I_138","SU_609"
"I_139","SU_610"
"I_140","SU_611"
"I_141","SU_612"
"I_142","SU_613"
"I_143","SU_614"
"I_144","SU_615"
"I_145","SU_616"
"I_146","SU_617"
"I_147","SU_618"
"I_148","SU_619"
"I_149","SU_620"
"I_150","SU_621"
"I_151","SU_622"
"I_152","SU_623"
"I_153","SU_624"
"I_154","SU_625"
"I_155","SU_626"
"I_156","SU_627"
"I_157","SU_628"
"I_158","SU_629"
"I_159","SU_630"
"I_160","SU_631"
"I_161","SU_632"
"I_162","SU_633"
"I_163","SU_634"
"I_164","SU_635"
"I_165","SU_636"
"I_166","SU_637"
"I_167","SU_638"
"I_168","SU_639"
"I_169","SU_640"
"I_170","SU_641"
"I_171","SU_642"
"I_172","SU_643"
"I_173","SU_644"
"I_174","SU_645"
"I_175","SU_646"
"I_176","SU_647"
"I_177","SU_648"
"I_178","SU_649"
"I_179","SU_650"
"I_180","SU_651"
"I_181","SU_652"
"I_182","SU_653"
"I_183","SU_654"
"I_184","SU_655"
"I_185","SU_656"
"I_186","SU_657"
"I_187","SU_658"
"I_188","SU_659"
"I_189","SU_660"
"I_190","SU_661"
"I_191","SU_662"
"I_192","SU_663"
"I_193","SU_664"
"I_194","SU_665"
"I_195","SU_666"
"I_196","SU_667"
"I_197","SU_668"
"I_198","SU_669"
"I_199","SU_670"
"I_200","SU_671"
"I_201","SU_672"
"I_202","SU_673"
"I_203","SU_674"
"I_204","SU_675"
"I_205","SU_676"
"I_206","SU_677"
"I_207","SU_678"
"I_208","SU_679"
"I_209","SU_680"
"I_210","SU_681"
"I_211","SU_682"
"I_212","SU_683"
"I_213","SU_684"
"I_214","SU_685"
"I_215","SU_686"
"I_216","SU_687"
"I_217","SU_688"
"I_218","SU_689"
"I_219","SU_690"
"I_220","SU_691"
"I_221","SU_692"
"I_222","SU_693"
"I_223","SU_694"
"I_224","SU_695"
"I_225","SU_696"
"I_226","SU_697"
"I_227","SU_698"
"I_228","SU_699"
"I_229","SU_700"
"I_230","SU_701"
"I_231","SU_702"
"I_232","SU_703"
"I_233","SU_704"
"I_234","SU_705"
"I_235","SU_706"
"I_236","SU_707"
"I_237","SU_708"
"I_238","SU_709"
"I_239","SU_710"
"I_240","SU_711"
"I_241","SU_712"
"I_242","SU_713"
"I_243","SU_714"
"I_244","SU_715"
"I_245","SU_716"
"I_246","SU_717"
"I_247","SU_718"
"I_248","SU_719"
"I_249","SU_720"
"I_250","SU_721"
"I_251","SU_722"
"I_252","SU_723"
"I_253","SU_724"
"I_254","SU_725"
"I_255","SU_726"
"I_256","SU_727"
"I_257","SU_728"
"I_258","SU_729"
"I_259","SU_730"
"I_260","SU_731"
"I_261","SU_732"
"I_262","SU_733"
"I_263","SU_734"
"I_264","SU_735"
"I_265","SU_736"
"I_266","SU_737"
"I_267","SU_738"
"I_268","SU_739"
"I_269","SU_740"
"I_270","SU_741"
"I_271","SU_742"
"I_272","SU_743"
"I_273","SU_744"
"I_274","SU_745"
"I_275","SU_746"
"I_276","SU_747"
"I_277","SU_748"
"I_278","SU_749"
"I_279","SU_750"
"I_280","SU_751"
"I_281","SU_752"
"I_282","SU_753"
"I_283","SU_754"
"I_284","SU_755"
"I_285","SU_756"
"I_286","SU_757"
"I_287","SU_758"
"I_288","SU_759"
"I_289","SU_760"
"I_290","SU_761"
"I_291","SU_762"
"I_292","SU_763"
"I_293","SU_764"
"I_294","SU_765"
"I_295","SU_766"
"I_296","SU_767"
"I_297","SU_768"
"I_298","SU_769"
"I_299","SU_770"
"I_300","SU_771"
"I_301","SU_772"
"I_302","SU_773"
"I_303","SU_774"
"I_304","SU_775"
"I_305","SU_776"
"I_306","SU_777"
"I_307","SU_778"
"I_308","SU_779"
"I_309","SU_780"
"I_310","SU_781"
"I_311","SU_782"
"I_312","SU_783"
"I_313","SU_784"
"I_314","SU_785"
"I_315","SU_786"
"I_316","SU_787"
"I_317","SU_788"
"I_318","SU_789"
"I_319","SU_790"
"I_320","SU_791"
"I_321","SU_792"
"I_322","SU_793"
"I_323","SU_794"
"I_324","SU_795"
"I_325","SU_796"
"I_326","SU_797"
"I_327","SU_798"
"I_328","SU_799"
"I_329","SU_800"
"I_330","SU_801"
"I_331","SU_802"
"I_332","SU_803"
"I_333","SU_804"
"I_334","SU_805"
"I_335","SU_806"
"I_336","SU_807"
"I_337","SU_808"
"I_338","SU_809"
"I_339","SU_810"
"I_340","SU_811"
"I_341","SU_812"
"I_342","SU_813"
"I_343","SU_814"
"I_344","SU_815"
"I_345","SU_816"
"I_346","SU_817"
"I_347","SU_818"
"I_348","SU_819"
"I_349","SU_820"
"I_350","SU_821"
"I_351","SU_822"
"I_352","SU_823"
"I_353","SU_824"
"I_354","SU_825"
"I_355","SU_826"
"I_356","SU_827"
"I_357","SU_828"
"I_358","SU_829"
"I_359","SU_830"
"I_360","SU_831"
"I_361","SU_832"
"I_362","SU_833"
"I_363","SU_834"
"I_364","SU_835"
"I_365","SU_836"
"I_366","SU_837"
"I_367","SU_838"
"I_368","SU_839"
"I_369","SU_840"
"I_370","SU_841"
"I_371","SU_842"
"I_372","SU_843"
"I_373","SU_844"
"I_374","SU_845"
"I_375","SU_846"
"I_376","SU_847"
"I_377","SU_848"
"I_378","SU_849"
"I_379","SU_850"
"I_380","SU_851"
"I_381","SU_852"
"I_382","SU_853"
"I_383","SU_854"
"I_384","SU_855"
"I_385","SU_856"
"I_386","SU_857"
"I_387","SU_858"
"I_388","SU_859"
"I_389","SU_860"
"I_390","SU_861"
"I_391","SU_862"
"I_392","SU_863"
"I_393","SU_864"
"I_394","SU_865"
"I_395","SU_866"
"I_396","SU_867"
"I_397","SU_868"
"I_398","SU_869"
"I_399","SU_870"
"I_400","SU_871"
"I_401","SU_872"
"I_402","SU_873"
"I_403","SU_874"
"I_404","SU_875"
"I_405","SU_876"
"I_406","SU_877"
"I_407","SU_878"
"I_408","SU_879"
"I_409","SU_880"
"I_410","SU_881"
"I_411","SU_882"
"I_412","SU_883"
"I_413","SU_884"
"I_414","SU_885"
"I_415","SU_886"
"I_416","SU_887"
"I_417","SU_888"
"I_418","SU_889"
"I_419","SU_890"
"I_420","SU_891"
"I_421","SU_892"
"I_422","SU_893"
"I_423","SU_894"
"I_424","SU_895"
"I_425","SU_896"
"I_426","SU_897"
"I_427","SU_898"
"I_428","SU_899"
"I_429","SU_900"
"I_430","SU_901"
"I_431","SU_902"
"I_432","SU_903"
"I_433","SU_904"
"I_434","SU_905"
"I_435","SU_906"
"I_436","SU_907"
"I_437","SU_908"
"I_438","SU_909"
"I_439","SU_910"
"I_440","SU_911"
"I_441","SU_912"
"I_442","SU_913"
"I_443","SU_914"
"I_444","SU_915"
"I_445","SU_916"
"I_446","SU_917"
"I_447","SU_918"
"I_448","SU_919"
"I_449","SU_920"
"I_450","SU_921"
"I_451","SU_922"
"I_452","SU_923"
"I_453","SU_924"
"I_454","SU_925"
"I_455","SU_926"
"I_456","SU_927"
"I_457","SU_928"
"I_458","SU_929"
"I_459","SU_930"
"I_460","SU_931"
"I_461","SU_932"
"I_462","SU_933"
"I_463","SU_934"
"I_464","SU_935"
"I_465","SU_936"
"I_466","SU_937"
"I_467","SU_938"
"I_468","SU_939"
"I_469","SU_940"
"I_470","SU_941"
"I_471","SU_942"
